item_name,location,qty_available
Стол инверсионный,"Кронштадтский бульвар, 20 | Гимнастический зал",2
секции шведской стенки,"Кронштадтский бульвар, 20 | Гимнастический зал",14
Столы для настольного тенниса,"Кронштадтский бульвар, 20 | Зал для настольного тенниса",3
Баскетбольные фермы,"Кронштадтский бульвар, 20 | Игровой зал",2
ворота футбольные,"Кронштадтский бульвар, 20 | Игровой зал",2
вышка волейбольная,"Кронштадтский бульвар, 20 | Игровой зал",1
кольца баскетбольные подвесные,"Кронштадтский бульвар, 20 | Игровой зал",2
секции шведской стенки,"Кронштадтский бульвар, 20 | Игровой зал",10
стойки волейбольные,"Кронштадтский бульвар, 20 | Игровой зал",2
стойки для бадминтона,"Кронштадтский бульвар, 20 | Игровой зал",2
стойки для большого тенниса,"Кронштадтский бульвар, 20 | Игровой зал",2
табло времени атаки,"Кронштадтский бульвар, 20 | Игровой зал",2
табло электронное,"Кронштадтский бульвар, 20 | Игровой зал",1
Тренажер эллипс,"Кронштадтский бульвар, 20 | Тренажерный зал",1
брусья параллельные,"Кронштадтский бульвар, 20 | Тренажерный зал",1
грифы,"Кронштадтский бульвар, 20 | Тренажерный зал",4
многофункциональный тренажер,"Кронштадтский бульвар, 20 | Тренажерный зал",1
опция,"Кронштадтский бульвар, 20 | Тренажерный зал",1
площадка элементная,"Кронштадтский бульвар, 20 | Тренажерный зал",1
силовые тренажеры,"Кронштадтский бульвар, 20 | Тренажерный зал",5
скамья атлетическая,"Кронштадтский бульвар, 20 | Тренажерный зал",3
штанга,"Кронштадтский бульвар, 20 | Тренажерный зал",1
Комплект специализированной мебели,"Кронштадтский бульвар, 20 | Учебная аудитория для занятий лекционного типа",10
Персональный компьютер,"Кронштадтский бульвар, 20 | Учебная аудитория для занятий лекционного типа",9
Проектор,"Кронштадтский бульвар, 20 | Учебная аудитория для занятий лекционного типа",9
Экран,"Кронштадтский бульвар, 20 | Учебная аудитория для занятий лекционного типа",9
Комплект специализированной мебели,"Кронштадтский бульвар, 20 | Учебная аудитория для занятий лекционного типа 15Р",1
Персональный компьютер,"Кронштадтский бульвар, 20 | Учебная аудитория для занятий лекционного типа 15Р",1
Проектор,"Кронштадтский бульвар, 20 | Учебная аудитория для занятий лекционного типа 15Р",1
Экран,"Кронштадтский бульвар, 20 | Учебная аудитория для занятий лекционного типа 15Р",1
Комплект специализированной мебели,"Кронштадтский бульвар, 20 | Учебная аудитория для занятий лекционного типа 21Р",1
Персональный компьютер,"Кронштадтский бульвар, 20 | Учебная аудитория для занятий лекционного типа 21Р",1
Проектор,"Кронштадтский бульвар, 20 | Учебная аудитория для занятий лекционного типа 21Р",1
Экран,"Кронштадтский бульвар, 20 | Учебная аудитория для занятий лекционного типа 21Р",1
Комплект специализированной мебели,"Кронштадтский бульвар, 20 | Учебная аудитория для занятий лекционного типа 7Р",2
Персональный компьютер,"Кронштадтский бульвар, 20 | Учебная аудитория для занятий лекционного типа 7Р",2
Проектор,"Кронштадтский бульвар, 20 | Учебная аудитория для занятий лекционного типа 7Р",2
Экран,"Кронштадтский бульвар, 20 | Учебная аудитория для занятий лекционного типа 7Р",2
Комплект специализированной мебели,"Кронштадтский бульвар, 20 | Учебная аудитория для занятий лекционного типа 9Р",1
Персональный компьютер,"Кронштадтский бульвар, 20 | Учебная аудитория для занятий лекционного типа 9Р",1
Проектор,"Кронштадтский бульвар, 20 | Учебная аудитория для занятий лекционного типа 9Р",1
Экран,"Кронштадтский бульвар, 20 | Учебная аудитория для занятий лекционного типа 9Р",1
"""Комплект специализированной мебели","Кронштадтский бульвар, 20 | Учебная аудитория для проведения занятий лекционного типа",1
Комплект специализированной мебели,"Кронштадтский бульвар, 20 | Учебная аудитория для проведения занятий лекционного типа",1
Персональный компьютер,"Кронштадтский бульвар, 20 | Учебная аудитория для проведения занятий лекционного типа",2
Проектор,"Кронштадтский бульвар, 20 | Учебная аудитория для проведения занятий лекционного типа",2
Экран,"Кронштадтский бульвар, 20 | Учебная аудитория для проведения занятий лекционного типа",2
Комплект специализированной мебели,"Кронштадтский бульвар, 20 | ауд. 101Д",1
Персональный компьютер,"Кронштадтский бульвар, 20 | ауд. 101Д",1
Проектор,"Кронштадтский бульвар, 20 | ауд. 101Д",1
Экран,"Кронштадтский бульвар, 20 | ауд. 101Д",1
Комплект специализированной мебели,"Кронштадтский бульвар, 20 | ауд. 105Г",1
Персональный компьютер,"Кронштадтский бульвар, 20 | ауд. 105Г",1
Проектор,"Кронштадтский бульвар, 20 | ауд. 105Г",1
Экран,"Кронштадтский бульвар, 20 | ауд. 105Г",1
Комплект специализированной мебели,"Кронштадтский бульвар, 20 | ауд. 201В",1
Персональный компьютер,"Кронштадтский бульвар, 20 | ауд. 201В",24
Комплект специализированной мебели,"Кронштадтский бульвар, 20 | ауд. 202В",1
Персональный компьютер,"Кронштадтский бульвар, 20 | ауд. 202В",1
Проектор,"Кронштадтский бульвар, 20 | ауд. 202В",1
Экран,"Кронштадтский бульвар, 20 | ауд. 202В",1
Комплект специализированной мебели,"Кронштадтский бульвар, 20 | ауд. 203В",1
Персональный компьютер,"Кронштадтский бульвар, 20 | ауд. 203В",1
Проектор,"Кронштадтский бульвар, 20 | ауд. 203В",1
Экран,"Кронштадтский бульвар, 20 | ауд. 203В",1
Комплект специализированной мебели,"Кронштадтский бульвар, 20 | ауд. 300В",1
Компьютер преподавателя с аудиосистемой,"Кронштадтский бульвар, 20 | ауд. 300В",1
Комплект специализированной мебели,"Кронштадтский бульвар, 20 | ауд. 301А",1
Комплект специализированной мебели,"Кронштадтский бульвар, 20 | ауд. 301Б",1
Комплект специализированной мебели,"Кронштадтский бульвар, 20 | ауд. 302А",1
Комплект специализированной мебели,"Кронштадтский бульвар, 20 | ауд. 302Б",1
Комплект специализированной мебели,"Кронштадтский бульвар, 20 | ауд. 303А",1
Комплект специализированной мебели,"Кронштадтский бульвар, 20 | ауд. 303Б",1
Комплект специализированной мебели,"Кронштадтский бульвар, 20 | ауд. 304А",1
Авиационный тренажер для обучения техническому обслуживанию самолета B737,"Кронштадтский бульвар, 20 | ауд. 401В",1
Место инструктора,"Кронштадтский бульвар, 20 | ауд. 401В",1
Рабочее место обучающегося,"Кронштадтский бульвар, 20 | ауд. 401В",24
Комплект специализированной мебели,"Кронштадтский бульвар, 20 | ауд. 402Б",1
Люксометр ТКА-ЛЮКС,"Кронштадтский бульвар, 20 | ауд. 402Б",1
Практикум по исследованию света и освещенности,"Кронштадтский бульвар, 20 | ауд. 402Б",1
Стенд ОТ-8,"Кронштадтский бульвар, 20 | ауд. 402Б",1
Авиационный тренажер для обучения техническому обслуживанию самолета А320,"Кронштадтский бульвар, 20 | ауд. 402В",1
Место инструктора,"Кронштадтский бульвар, 20 | ауд. 402В",1
Принтер НР,"Кронштадтский бульвар, 20 | ауд. 402В",1
Рабочее место обучающегося,"Кронштадтский бульвар, 20 | ауд. 402В",12
Комплект специализированной мебели,"Кронштадтский бульвар, 20 | ауд. 403Б",1
Авиационный тренажер для обучения техническому обслуживанию самолета А320,"Кронштадтский бульвар, 20 | ауд. 403В",1
Место инструктора,"Кронштадтский бульвар, 20 | ауд. 403В",1
Полотно для проектора,"Кронштадтский бульвар, 20 | ауд. 403В",2
Принтер НР,"Кронштадтский бульвар, 20 | ауд. 403В",1
Проектор EPSON,"Кронштадтский бульвар, 20 | ауд. 403В",2
Рабочее место обучающегося,"Кронштадтский бульвар, 20 | ауд. 403В",12
Авиационный тренажер для обучения техническому обслуживанию самолета B737,"Кронштадтский бульвар, 20 | ауд. 404В",1
Место инструктора,"Кронштадтский бульвар, 20 | ауд. 404В",1
Рабочее место обучающегося,"Кронштадтский бульвар, 20 | ауд. 404В",24
Тренажер полноразмерной имитации кабины самолета А320,"Кронштадтский бульвар, 20 | ауд. 405В",1
Тренажер полноразмерной имитации кабины самолета В737,"Кронштадтский бульвар, 20 | ауд. 405В",1
Комплект специализированной мебели,"Кронштадтский бульвар, 20 | ауд. 502В",1
Мультимедийный экран,"Кронштадтский бульвар, 20 | ауд. 502В",1
Комплект специализированной мебели,"Кронштадтский бульвар, 20 | ауд. 503А",1
Аппарат АРНС-1Э,"Кронштадтский бульвар, 20 | ауд. 503В",1
Аппарат ТВ-3,"Кронштадтский бульвар, 20 | ауд. 503В",1
Аппарат для определения температуры вспышки в закрытом тигле,"Кронштадтский бульвар, 20 | ауд. 503В",1
Весы ЕК-200G,"Кронштадтский бульвар, 20 | ауд. 503В",1
Весы аналитические,"Кронштадтский бульвар, 20 | ауд. 503В",1
Дистиллятор электрический Д10,"Кронштадтский бульвар, 20 | ауд. 503В",1
Дистиллятор электрический Д25,"Кронштадтский бульвар, 20 | ауд. 503В",1
Измеритель плотности жидкостей цифровой лабораторный ВИП-2,"Кронштадтский бульвар, 20 | ауд. 503В",1
Комплект специализированной мебели,"Кронштадтский бульвар, 20 | ауд. 503В",1
Компьютер преподавателя НР Р3130 РRО,"Кронштадтский бульвар, 20 | ауд. 503В",1
Мост реохордный р38,"Кронштадтский бульвар, 20 | ауд. 503В",1
Плазменный телевизор с креплением,"Кронштадтский бульвар, 20 | ауд. 503В",1
Прибор разгонки нефтепродуктов,"Кронштадтский бульвар, 20 | ауд. 503В",1
РН-метр РН-150М,"Кронштадтский бульвар, 20 | ауд. 503В",1
Термостат VIS-Т-S цифровой,"Кронштадтский бульвар, 20 | ауд. 503В",1
Шкаф сушильный,"Кронштадтский бульвар, 20 | ауд. 503В",1
Акустическая система с креплением JBLCONTROL25 в составе: звуковая колонки,"Кронштадтский бульвар, 20 | ауд. 504Б",2
Видеопроектор SANIO PLC-XU78 3000 ANIS LM XGA с кронштейном крепления к потолку SMS в составе: пульт дистанционного управления,"Кронштадтский бульвар, 20 | ауд. 504Б",1
Интерактивная доска-экран с программным обеспечением ACTIV BOARD 78 в составе: электронный карандаш,"Кронштадтский бульвар, 20 | ауд. 504Б",2
Кафедра (трибуна мультимедийная) со стойкой HELIOS МЕБ.330 NN2 и набором обор в составе: усилитель звуковой CROWN XLS-402 450вт/4 Ом,"Кронштадтский бульвар, 20 | ауд. 504Б",1
Комплект специализированной мебели,"Кронштадтский бульвар, 20 | ауд. 504Б",1
Компьютер HP INTEL PENTIAM DUAL E200,"Кронштадтский бульвар, 20 | ауд. 504Б",1
Микшерный пульт SOUNDCRAFT EPM8,"Кронштадтский бульвар, 20 | ауд. 504Б",1
Монитор VIEWSONIC VA703b,"Кронштадтский бульвар, 20 | ауд. 504Б",1
Моноблок НР ProONE 400G1 19.5” HD CEL в составе : клавиатура,"Кронштадтский бульвар, 20 | ауд. 504Б",12
Система коммуникации сигналов и управления комплексом HELIOS LECTORIUM 2000,"Кронштадтский бульвар, 20 | ауд. 504Б",1
мышь,"Кронштадтский бульвар, 20 | ауд. 504Б",12
06022,"Кронштадтский бульвар, 20 | ауд. А-101",1
CORE2 6550/FAN/ASUS,"Кронштадтский бульвар, 20 | ауд. А-101",1
Комплект мебели учебной,"Кронштадтский бульвар, 20 | ауд. А-101",1
аэродинамическая труба,"Кронштадтский бульвар, 20 | ауд. А-101",1
в т.ч: сист.бл,"Кронштадтский бульвар, 20 | ауд. А-101",1
весы аэродинамические,"Кронштадтский бульвар, 20 | ауд. А-101",1
"монитор19"" TFT","Кронштадтский бульвар, 20 | ауд. А-101",1
ноутбук TOSHIBA A9-RU T5470,"Кронштадтский бульвар, 20 | ауд. А-101",1
осциллограф С1-93,"Кронштадтский бульвар, 20 | ауд. А-101",1
принтер HP LJ-1320,"Кронштадтский бульвар, 20 | ауд. А-101",1
рабочая станция CORE2 6550,"Кронштадтский бульвар, 20 | ауд. А-101",1
сканер HP SJ 3800,"Кронштадтский бульвар, 20 | ауд. А-101",1
Комплект мебели учебной,"Кронштадтский бульвар, 20 | ауд. А-102",1
акустическая система с креплением JBL CONTROL 25,"Кронштадтский бульвар, 20 | ауд. А-102",1
видеопроектор SANYO PLC-ХT 21 с объективом SANYO LNS-T с кроншт.креп. к потолку SMS,"Кронштадтский бульвар, 20 | ауд. А-102",1
доска интерактивная HITACHI,"Кронштадтский бульвар, 20 | ауд. А-102",1
доска трехстворчатая аудиторная пластиковая,"Кронштадтский бульвар, 20 | ауд. А-102",1
кафедра (трибуна мультимедийная ) со стойкой HELIOS MEБ.330 NN2 и с комп. обор,"Кронштадтский бульвар, 20 | ауд. А-102",1
кессон,"Кронштадтский бульвар, 20 | ауд. А-102",1
лаборатория измерения механических усилий и деформаций,"Кронштадтский бульвар, 20 | ауд. А-102",1
монитор LG 17'' F 700 B,"Кронштадтский бульвар, 20 | ауд. А-102",1
нивелир,"Кронштадтский бульвар, 20 | ауд. А-102",1
сист.блок P4-2800PRESCOTT533MHz+FAN/ASUS SIS651 P4SPMX+SB+SV+L/2*256M PC3200/,"Кронштадтский бульвар, 20 | ауд. А-102",2
система СИИТ-2 №1,"Кронштадтский бульвар, 20 | ауд. А-102",1
стапель,"Кронштадтский бульвар, 20 | ауд. А-102",1
стапель для статических испытаний авиационных конструкций,"Кронштадтский бульвар, 20 | ауд. А-102",1
CORE2 6550/FAN/ASUS,"Кронштадтский бульвар, 20 | ауд. А-103",1
LB17H9LYA29710L,"Кронштадтский бульвар, 20 | ауд. А-103",1
Комплект мебели учебной,"Кронштадтский бульвар, 20 | ауд. А-103",1
в т.ч: сист.бл,"Кронштадтский бульвар, 20 | ауд. А-103",1
"монитор 17"" SAMSUNG 795MB TCO-99","Кронштадтский бульвар, 20 | ауд. А-103",2
"монитор SAMSUNG 17"" 757 P","Кронштадтский бульвар, 20 | ауд. А-103",1
монитор SAMSUNG 793 DF TCO 03,"Кронштадтский бульвар, 20 | ауд. А-103",1
"монитор19"" TFT","Кронштадтский бульвар, 20 | ауд. А-103",1
"моноблок LENOVO THINK CENTRE EDGE 72Z 20""","Кронштадтский бульвар, 20 | ауд. А-103",2
ноутбук FUJITSU-STEMENS AMILJ D6820 PIV 2400 256MB 20GB V32MB FDD OOMB,"Кронштадтский бульвар, 20 | ауд. А-103",1
рабочая станция CORE2 6550,"Кронштадтский бульвар, 20 | ауд. А-103",1
столик для проектора РТ-1,"Кронштадтский бульвар, 20 | ауд. А-103",1
труба аэродинамическая дозвуковая УЛАК-1,"Кронштадтский бульвар, 20 | ауд. А-103",1
экран на штативе SCREENMEDIA APOLLO T,"Кронштадтский бульвар, 20 | ауд. А-103",1
Комплект мебели учебной,"Кронштадтский бульвар, 20 | ауд. А-104",1
"моноблок LENOVO THINK CENTRE EDGE 72Z 20""","Кронштадтский бульвар, 20 | ауд. А-104",10
"Комплект учебной мебели (стулья, столы, доска)","Кронштадтский бульвар, 20 | ауд. А-201",1
аншет демпфер тележки шасси,"Кронштадтский бульвар, 20 | ауд. А-201",1
аншет основные агрегаты системы АРД ИЛ-86,"Кронштадтский бульвар, 20 | ауд. А-201",1
макет самолета ИЛ-86,"Кронштадтский бульвар, 20 | ауд. А-201",1
планшет заслонок СКВ ИЛ-86,"Кронштадтский бульвар, 20 | ауд. А-201",1
планшет клапана топливного бачка с насосом СН-13 и клапанного коллектора планшет цепи насосов ЭЦНГ-40-2 с клапанами,"Кронштадтский бульвар, 20 | ауд. А-201",1
планшет крана 771000-2 и датчика РСИ-3б,"Кронштадтский бульвар, 20 | ауд. А-201",1
планшет крана слива топлива и эл. управляемого топливного крана планшет на электронасос ЭЦНГ-40-2,"Кронштадтский бульвар, 20 | ауд. А-201",1
планшет на гидроаккумулятор дозатор ГА-П2-4 и привод стеклоочистителя пс8нгж,"Кронштадтский бульвар, 20 | ауд. А-201",1
планшет на гидробак,"Кронштадтский бульвар, 20 | ауд. А-201",1
планшет на насос НП-108,"Кронштадтский бульвар, 20 | ауд. А-201",1
планшет на турбонасосную установку ТНУ-86,"Кронштадтский бульвар, 20 | ауд. А-201",1
планшет насосной станции НС-55-3,"Кронштадтский бульвар, 20 | ауд. А-201",1
"планшет типовые компенсаторы и стык трубопроводов из комплекта ""учебный класс ИЛ-86""","Кронштадтский бульвар, 20 | ауд. А-201",1
планшет типовые узлы крепления трубопроводов СКВ ИЛ-86,"Кронштадтский бульвар, 20 | ауд. А-201",1
"планшет турбохолодильника из комплекта ""учебный класс ИЛ-86""","Кронштадтский бульвар, 20 | ауд. А-201",1
планшет цилиндр управления носового шасси,"Кронштадтский бульвар, 20 | ауд. А-201",1
"планшет штуцер наземного кондиционирования из комплекта "" учебный класс ИЛ-86""","Кронштадтский бульвар, 20 | ауд. А-201",1
стенд гидравлическая система самолета ИЛ-86,"Кронштадтский бульвар, 20 | ауд. А-201",1
стенд система кондиционирования воздуха самолета ИЛ-86 стенд система управления шасси самолета ИЛ-86,"Кронштадтский бульвар, 20 | ауд. А-201",1
стенд системы АРД в гермокабине самолета ИЛ-86,"Кронштадтский бульвар, 20 | ауд. А-201",1
стенд топливная система самолета ИЛ-86,"Кронштадтский бульвар, 20 | ауд. А-201",1
стенд электронная противооблединительная система самолета ТУ-154,"Кронштадтский бульвар, 20 | ауд. А-201",1
турбохолодильник 2280т самолета ИЛ-62М,"Кронштадтский бульвар, 20 | ауд. А-201",1
"Комплект учебной мебели (стулья, столы)","Кронштадтский бульвар, 20 | ауд. А-202",1
автомат перекоса компьютер преподавателя HP P3130 PRO,"Кронштадтский бульвар, 20 | ауд. А-202",1
акустическая система с креплением JBL CONTROL 25,"Кронштадтский бульвар, 20 | ауд. А-202",2
кафедра стойка мультимедийная HELIOS MEБ 620.691 С МОДУЛЕМ QTEХ MDM-440,"Кронштадтский бульвар, 20 | ауд. А-202",1
многоформатный переключатель коммутатор KRAMER VP-23 C,"Кронштадтский бульвар, 20 | ауд. А-202",1
переключатель KRAMER VP-31,"Кронштадтский бульвар, 20 | ауд. А-202",1
планшет винтовых механизмов предкрылков и закрылков,"Кронштадтский бульвар, 20 | ауд. А-202",1
планшет гидроцилиндров ГЦ10Н И ГЦ20Н,"Кронштадтский бульвар, 20 | ауд. А-202",1
планшет загрузочного цилиндра и цилиндра скачка,"Кронштадтский бульвар, 20 | ауд. А-202",1
планшет изменения углов отклонения руки направлений,"Кронштадтский бульвар, 20 | ауд. А-202",1
планшет колонки штурвала,"Кронштадтский бульвар, 20 | ауд. А-202",1
планшет механизма изменений углов отклонения р.в. с загрузочными устройствами,"Кронштадтский бульвар, 20 | ауд. А-202",1
планшет педалей,"Кронштадтский бульвар, 20 | ауд. А-202",1
планшет смесительного механизма спойлеров,"Кронштадтский бульвар, 20 | ауд. А-202",1
проектор PANASONIC,"Кронштадтский бульвар, 20 | ауд. А-202",1
разветвитель УСИЛИТЕЛЬ KRAMER VP-200K,"Кронштадтский бульвар, 20 | ауд. А-202",1
разветвитель усилитель KRAMER VP-200K,"Кронштадтский бульвар, 20 | ауд. А-202",1
стойка амортизационная препарированная самолета ТУ-134,"Кронштадтский бульвар, 20 | ауд. А-202",1
усилитель звуковой CROWN LPS 800,"Кронштадтский бульвар, 20 | ауд. А-202",1
LE17KX826049W,"Кронштадтский бульвар, 20 | ауд. А-203",1
"Комплект учебной мебели (стулья, столы, доска)","Кронштадтский бульвар, 20 | ауд. А-203",1
"ПК FORMOZA P4-3.0 2MB EM64T/MB I915PL+SB+L/FAN/2*256M PC3200/3""""/80.0G (сист. блок)","Кронштадтский бульвар, 20 | ауд. А-203",6
колесо тормозное КТ-14,"Кронштадтский бульвар, 20 | ауд. А-203",2
"монитор 17"""" SAMSUNG 795MB TCO-99","Кронштадтский бульвар, 20 | ауд. А-203",1
"монитор SAMSUNG 17"""" 757 P","Кронштадтский бульвар, 20 | ауд. А-203",5
планшет монтаж колес КТ171 на подставке,"Кронштадтский бульвар, 20 | ауд. А-203",1
стенд гидравлический гидромашины и гидроприводы (СГУ-АПН-08-5ЛР-01) (ТИП 2),"Кронштадтский бульвар, 20 | ауд. А-203",1
стенд гидравлический гидроприводы и гидромашины (СГУ-СТ-08-6ЛР-02) (ТИП 1),"Кронштадтский бульвар, 20 | ауд. А-203",1
стенд гидравлический механика жидкости (ТМЖ 2В-09-12ЛР-01) (ТИП 3),"Кронштадтский бульвар, 20 | ауд. А-203",1
"стенд противопожарная система и НГ из комплекта """"УЧЕБНЫЙ КЛАСС - ИЛ-86""""","Кронштадтский бульвар, 20 | ауд. А-203",1
стенд электронноимпульсная противооблединительная система самолета ИЛ-86,"Кронштадтский бульвар, 20 | ауд. А-203",1
9749,"Кронштадтский бульвар, 20 | ауд. А-305",1
LB17H9LYA29426F,"Кронштадтский бульвар, 20 | ауд. А-305",1
Акустическая система Sven,"Кронштадтский бульвар, 20 | ауд. А-305",1
Блок 7300* Монитор 19TFT NEC,"Кронштадтский бульвар, 20 | ауд. А-305",1
Доска интерактивная Hitachi,"Кронштадтский бульвар, 20 | ауд. А-305",1
Жалюзи вертикальные цвет бежевый,"Кронштадтский бульвар, 20 | ауд. А-305",2
Монитор Samsung 793 DF TCO 03,"Кронштадтский бульвар, 20 | ауд. А-305",1
Рабочая станция Core 2 7300,"Кронштадтский бульвар, 20 | ауд. А-305",1
Рабочая станция тип 1 HP 260 G2 2TP61ES,"Кронштадтский бульвар, 20 | ауд. А-305",1
Сейф Д-20,"Кронштадтский бульвар, 20 | ауд. А-305",1
Стенд информационный,"Кронштадтский бульвар, 20 | ауд. А-305",1
Стол письменный,"Кронштадтский бульвар, 20 | ауд. А-305",2
Стол письменный 1200 x 800 x 732,"Кронштадтский бульвар, 20 | ауд. А-305",4
Столик для проектора PT-1,"Кронштадтский бульвар, 20 | ауд. А-305",1
Стул,"Кронштадтский бульвар, 20 | ауд. А-305",16
Тумба 3 ящика,"Кронштадтский бульвар, 20 | ауд. А-305",5
Шкаф для одежды,"Кронштадтский бульвар, 20 | ауд. А-305",1
в том числе: Систем,"Кронштадтский бульвар, 20 | ауд. А-305",1
"Комплект учебной мебели (столы, стулья, доска)","Кронштадтский бульвар, 20 | ауд. А-402",1
"Комплект учебной мебели (столы, стулья, доска)","Кронштадтский бульвар, 20 | ауд. А-404",1
Анализатор масла БАРС-3,"Кронштадтский бульвар, 20 | ауд. А-405",1
Дефектоскоп «ПЕЛЕНГ» УДЗ-103 ультразвуковой,"Кронштадтский бульвар, 20 | ауд. А-405",1
Дефектоскоп АД-50У,"Кронштадтский бульвар, 20 | ауд. А-405",1
Дефектоскоп ДАМИ-С2,"Кронштадтский бульвар, 20 | ауд. А-405",1
Дефектоскоп ДУЭТ токовихревой,"Кронштадтский бульвар, 20 | ауд. А-405",1
Дефектоскоп МПД-1 магнитопорошковый,"Кронштадтский бульвар, 20 | ауд. А-405",1
Дефектоскоп ПЕЛЕНГ 700 АФ,"Кронштадтский бульвар, 20 | ауд. А-405",1
Дефектоскоп ПОЛЕТ электромагнитный,"Кронштадтский бульвар, 20 | ауд. А-405",1
Дефектоскоп РОТОТЕСТ токовихревой,"Кронштадтский бульвар, 20 | ауд. А-405",1
Дефектоскоп ТВД вихретоковый,"Кронштадтский бульвар, 20 | ауд. А-405",1
Дефектоскоп УД2-12 ультразвуковой,"Кронштадтский бульвар, 20 | ауд. А-405",1
Дефектоскоп ЭЛОТЕСТ В-1,"Кронштадтский бульвар, 20 | ауд. А-405",1
Дефектоскоп ЭЛОТЕСТ токовихревой,"Кронштадтский бульвар, 20 | ауд. А-405",1
Диапроектор ПЕЛЕНГ 700 АФ,"Кронштадтский бульвар, 20 | ауд. А-405",1
Диапроектор ПЕЛЕНГ 700-АФ,"Кронштадтский бульвар, 20 | ауд. А-405",1
Измеритель токопроводности ВЭ-17НЦ,"Кронштадтский бульвар, 20 | ауд. А-405",1
"Комплект учебной мебели (столы, стулья, доска)","Кронштадтский бульвар, 20 | ауд. А-405",1
Микроскоп ММУ-3,"Кронштадтский бульвар, 20 | ауд. А-405",1
Осциллограф С1-117 универсальный,"Кронштадтский бульвар, 20 | ауд. А-405",1
Прибор ИВ-300 аппаратуры контроля вибрации,"Кронштадтский бульвар, 20 | ауд. А-405",1
Прибор контроля примесей в маслах ПОЖ-М,"Кронштадтский бульвар, 20 | ауд. А-405",1
Проектор PANASONIC PT-LB10NTE,"Кронштадтский бульвар, 20 | ауд. А-405",1
Рабочая станция 486 DX/40/4/256/VLB/210МБ/SVGA 0.28/MAUSE,"Кронштадтский бульвар, 20 | ауд. А-405",1
Сплит систем SUPRA AC-S24A2HGI,"Кронштадтский бульвар, 20 | ауд. А-405",1
Толщиномер УТ-93П ультразвуковой,"Кронштадтский бульвар, 20 | ауд. А-405",1
Установка МФС-7 для анализа масел фотоэлектрическая,"Кронштадтский бульвар, 20 | ауд. А-405",1
Устройство фильтрования масла,"Кронштадтский бульвар, 20 | ауд. А-405",1
Характериограф Х1-40,"Кронштадтский бульвар, 20 | ауд. А-405",1
Эндоскоп оптический ОЛИМПУС,"Кронштадтский бульвар, 20 | ауд. А-405",1
3D сканер David Laserscanner Starter-Kit,"Кронштадтский бульвар, 20 | ауд. А-501",1
Компьютерный класс на 15 мест: - рабочая станция типа 2-2VR73ES,"Кронштадтский бульвар, 20 | ауд. А-501",15
Комплект плакатов (1 к-т,"Кронштадтский бульвар, 20 | ауд. А-502",20
комплект плакатов (,"Кронштадтский бульвар, 20 | ауд. А-502",24
"Комплект учебной мебели (столы, стулья, доска)","Кронштадтский бульвар, 20 | ауд. Б-101",1
Макет двигателя -НК-8,"Кронштадтский бульвар, 20 | ауд. Б-101",1
Макет двигателя JT-8D-15А,"Кронштадтский бульвар, 20 | ауд. Б-101",1
Макет двигателя НК-86,"Кронштадтский бульвар, 20 | ауд. Б-101",1
Образцы агрегатов и комплектующих для двигателей,"Кронштадтский бульвар, 20 | ауд. Б-101",1
Планшет управления двигателями ИЛ-86,"Кронштадтский бульвар, 20 | ауд. Б-101",1
Схемы,"Кронштадтский бульвар, 20 | ауд. Б-101",1
плакаты,"Кронштадтский бульвар, 20 | ауд. Б-101",1
чертежи двигателей,"Кронштадтский бульвар, 20 | ауд. Б-101",1
"Комплект учебной мебели (столы, стулья, доска)","Кронштадтский бульвар, 20 | ауд. Б-102",1
Макет двигателя -Д-36,"Кронштадтский бульвар, 20 | ауд. Б-102",1
Макет двигателя Д-30КУ,"Кронштадтский бульвар, 20 | ауд. Б-102",1
Мультимедийный проектор Panasonic PTB 51NTE,"Кронштадтский бульвар, 20 | ауд. Б-102",1
Образцы агрегатов и комплектующих для двигателей,"Кронштадтский бульвар, 20 | ауд. Б-102",1
Рабочая станция Р4,"Кронштадтский бульвар, 20 | ауд. Б-102",1
Схемы,"Кронштадтский бульвар, 20 | ауд. Б-102",1
литература по двигателям,"Кронштадтский бульвар, 20 | ауд. Б-102",1
плакаты,"Кронштадтский бульвар, 20 | ауд. Б-102",1
чертежи двигателей,"Кронштадтский бульвар, 20 | ауд. Б-102",1
"Комплект учебной мебели (столы, стулья, доска)","Кронштадтский бульвар, 20 | ауд. Б-104",1
Мультимедийный проектор Panasonic PTB 51NTE,"Кронштадтский бульвар, 20 | ауд. Б-104",1
Настенные стенды,"Кронштадтский бульвар, 20 | ауд. Б-104",1
Образцы комплектующих для двигателей,"Кронштадтский бульвар, 20 | ауд. Б-104",1
Рабочая станция Р4,"Кронштадтский бульвар, 20 | ауд. Б-104",5
Рабочая станция тип 2НР 260G2 VR73ES,"Кронштадтский бульвар, 20 | ауд. Б-104",6
Стол монтажный,"Кронштадтский бульвар, 20 | ауд. Б-104",2
плакаты,"Кронштадтский бульвар, 20 | ауд. Б-104",1
Автоматизированная лабораторная установка для исследования свойств полупроводниковых материалов МВ-ЭХ,"Кронштадтский бульвар, 20 | ауд. Б-201",1
"Комплект учебной мебели (столы, стулья, доска)","Кронштадтский бульвар, 20 | ауд. Б-201",1
Лабораторный стенд «Изучение диэлектрической проницаемости и диэлектрических потерь в твердых диэлектриках» МВ-004,"Кронштадтский бульвар, 20 | ауд. Б-201",1
Микроскоп металлографический для изучения микроструктур сплавов МИМ-7 Лабораторный комплекс по определению химического состава сплавов «Искролайн-100»,"Кронштадтский бульвар, 20 | ауд. Б-201",1
Стационарный проектор Epson EB141 OWI,"Кронштадтский бульвар, 20 | ауд. Б-201",1
Установка для изучения температурной зависимости электропроводности металлов и полупроводников ФПК-07 Лабораторный стенд «Изучение электрической прочности твердых диэлектриков» МВ-002,"Кронштадтский бульвар, 20 | ауд. Б-201",1
Шлифовально -полировальный станок МР-2,"Кронштадтский бульвар, 20 | ауд. Б-201",1
Акустическая система с креплением JBL Control25,"Кронштадтский бульвар, 20 | ауд. Б-202",1
Документ-камера Aver Vision 300AF,"Кронштадтский бульвар, 20 | ауд. Б-202",1
Интерактивная проекционная система Smartboart SBX 880i4/UF65,"Кронштадтский бульвар, 20 | ауд. Б-202",1
"Комплект учебной мебели (столы, стулья, доска)","Кронштадтский бульвар, 20 | ауд. Б-202",1
Компьютер преподавателя HP P3130 PRO,"Кронштадтский бульвар, 20 | ауд. Б-202",1
Копировальный аппарат CANNON 1215,"Кронштадтский бульвар, 20 | ауд. Б-202",1
Медиасервир оператора HP P3130 PRO,"Кронштадтский бульвар, 20 | ауд. Б-202",1
Монитор Samsung 793DF TCO 03,"Кронштадтский бульвар, 20 | ауд. Б-202",7
Монитор Samsung 795MB TCO-99,"Кронштадтский бульвар, 20 | ауд. Б-202",1
Принтер HP LJ 1150 A4 10400702,"Кронштадтский бульвар, 20 | ауд. Б-202",1
Системный блок P4-2800/i865p/FAN/512M PC3200 FDD/80.0GB/CD-REW/12 8RADEON/LAN,"Кронштадтский бульвар, 20 | ауд. Б-202",7
Системный блок P4-3200PRESCOTT800M Hz+FAN/MSi865PENEO2 PFS+SB+L/2*512M PC3200/3”,"Кронштадтский бульвар, 20 | ауд. Б-202",1
Усилитель звуковой Crown LPS-800,"Кронштадтский бульвар, 20 | ауд. Б-202",1
Автомат перекоса вертолета,"Кронштадтский бульвар, 20 | ауд. Б-401",1
Дефектоскоп ДАМИ-С09,"Кронштадтский бульвар, 20 | ауд. Б-401",1
Дефектоскоп ПМД-70,"Кронштадтский бульвар, 20 | ауд. Б-401",1
Диапроектор ЛЭТИ-60 (для подсветки),"Кронштадтский бульвар, 20 | ауд. Б-401",1
Диск ротора турбины,"Кронштадтский бульвар, 20 | ауд. Б-401",1
Интерактивная проекционная система Smart board,"Кронштадтский бульвар, 20 | ауд. Б-401",1
Комплект винта ВИШ - 306А,"Кронштадтский бульвар, 20 | ауд. Б-401",1
Комплект рабочих лопаток,"Кронштадтский бульвар, 20 | ауд. Б-401",1
"Комплект учебной мебели (столы, стулья, доска)","Кронштадтский бульвар, 20 | ауд. Б-401",1
Лампа УФО (КД- 33А),"Кронштадтский бульвар, 20 | ауд. Б-401",1
Микроскоп МБС-2,"Кронштадтский бульвар, 20 | ауд. Б-401",1
Микроскоп бинокулярный МБС-10,"Кронштадтский бульвар, 20 | ауд. Б-401",2
Ротор турбины ГТД,"Кронштадтский бульвар, 20 | ауд. Б-401",1
Установка 601-64С для магнитного контроля и выявления дефектов стальных деталей,"Кронштадтский бульвар, 20 | ауд. Б-401",1
Эндоскоп -жесткий технический (угол 90 град.),"Кронштадтский бульвар, 20 | ауд. Б-401",1
"Комплект учебной мебели (столы, стулья, доска)","Кронштадтский бульвар, 20 | ауд. Б-502",1
Система для презентаций: 1.Интерактивная проекционная система SMARTBOARD SBX880 I4/UF65,"Кронштадтский бульвар, 20 | ауд. Б-502",1
"Комплект учебной мебели (столы, стулья, доска)","Кронштадтский бульвар, 20 | ауд. Б-507",1
150х100,"Кронштадтский бульвар, 20 | ауд. В-101",1
Цифровая универсальная испытательная машина (WDW-100E) c компьютер. управл-м,"Кронштадтский бульвар, 20 | ауд. В-101",1
комплекс интерактивный: SMART BOARD SBD685IX/UX60,"Кронштадтский бульвар, 20 | ауд. В-101",1
лабораторная установка для испытаний на изгиб с кручением (СМ-18А),"Кронштадтский бульвар, 20 | ауд. В-101",1
лабораторный практикум «Сопротивление материалов»,"Кронштадтский бульвар, 20 | ауд. В-101",1
маркерная доска передвижн. эмаль,"Кронштадтский бульвар, 20 | ауд. В-101",1
стенд универсальный для проведения лаб. работ по курсу СМ,"Кронштадтский бульвар, 20 | ауд. В-101",1
Измеритель деформации цифровой ИДЦ1 измеритель деформации цифровой ИДЦ1 измеритель деформации цифровой ИДЦ1,"Кронштадтский бульвар, 20 | ауд. В-102",1
комплект плакатов (,"Кронштадтский бульвар, 20 | ауд. В-102",60
наглядные пособия макеты деталей и узлов машин и механизмов,"Кронштадтский бульвар, 20 | ауд. В-102",1
Гарнитура Dialog M-750HV,"Кронштадтский бульвар, 20 | ауд. В-305",11
Гарнитура Ritmix RH-524M,"Кронштадтский бульвар, 20 | ауд. В-305",1
Гарнитура Sven AP-860MV,"Кронштадтский бульвар, 20 | ауд. В-305",1
Доска передвижная поворотная магнитная ДП-11Б 75x100 см Маркер,"Кронштадтский бульвар, 20 | ауд. В-305",1
Жалюзи вертикальные цвет бежевый,"Кронштадтский бульвар, 20 | ауд. В-305",1
Место преподавателя лингафонного кабинета диалог,"Кронштадтский бульвар, 20 | ауд. В-305",1
Место ученика лингафонного кабинета диалог-1 настольный вариант,"Кронштадтский бульвар, 20 | ауд. В-305",12
Стул,"Кронштадтский бульвар, 20 | ауд. В-305",13
бн,"Кронштадтский бульвар, 20 | ауд. В-305",1
Жалюзи вертикальные цвет темно голубой,"Кронштадтский бульвар, 20 | ауд. В-306",1
Кресло офисное,"Кронштадтский бульвар, 20 | ауд. В-306",1
Моноблок Lenovo,"Кронштадтский бульвар, 20 | ауд. В-306",1
Принтер HP LaserJet Pro M521dn,"Кронштадтский бульвар, 20 | ауд. В-306",1
Проектор мультимедийный Panasonic PT-LB51NTE,"Кронштадтский бульвар, 20 | ауд. В-306",1
Стол письменный,"Кронштадтский бульвар, 20 | ауд. В-306",6
Стул,"Кронштадтский бульвар, 20 | ауд. В-306",13
Тумба 3 ящика,"Кронштадтский бульвар, 20 | ауд. В-306",4
Доска аудиторная передвижная поворотная,"Кронштадтский бульвар, 20 | ауд. В-502",1
"Комплект учебной мебели (столы, стулья, доска)","Кронштадтский бульвар, 20 | ауд. В-502",1
Кондиционер KSGF70 Экран настенный,"Кронштадтский бульвар, 20 | ауд. В-502",1
Принтер НР -1320,"Кронштадтский бульвар, 20 | ауд. В-502",1
Проектор мультимедийный PANASONIK,"Кронштадтский бульвар, 20 | ауд. В-502",1
Рабочая станция Р-4,"Кронштадтский бульвар, 20 | ауд. В-502",2
Рабочая станция тип 2HP 260 G2,"Кронштадтский бульвар, 20 | ауд. В-502",2
Рабочие места,"Кронштадтский бульвар, 20 | ауд. В-502",2
"Дисплей TFT (Монитор Samsung LCD 17""710 N TFT)","Кронштадтский бульвар, 20 | ауд. В-503",2
Дистиллятор электрический Д25,"Кронштадтский бульвар, 20 | ауд. В-503",1
Измеритель плотности жидкостей цифровой лабораторный ВИП-2,"Кронштадтский бульвар, 20 | ауд. В-503",1
"Комплект учебной мебели (столы, стулья, доска)","Кронштадтский бульвар, 20 | ауд. В-503",1
Компьютер преподавателя НР Р3130 РRО,"Кронштадтский бульвар, 20 | ауд. В-503",1
Мост реохордный р38,"Кронштадтский бульвар, 20 | ауд. В-503",1
Набор химической посуды Мультимедийный проектор,"Кронштадтский бульвар, 20 | ауд. В-503",1
Плазменный телевизор с креплением,"Кронштадтский бульвар, 20 | ауд. В-503",1
РН-метр РН-150М,"Кронштадтский бульвар, 20 | ауд. В-503",1
Рабочие места,"Кронштадтский бульвар, 20 | ауд. В-503",1
АДК «Призма»,"Кронштадтский бульвар, 20 | ауд. В-506",1
АРНС-Э - аппарат разгонки НС,"Кронштадтский бульвар, 20 | ауд. В-506",1
АТВ - аппарат для определения температуры вспышки топлива,"Кронштадтский бульвар, 20 | ауд. В-506",1
Анализатор загрязнений жидкостей ГРАН 152,"Кронштадтский бульвар, 20 | ауд. В-506",1
Аппарат количественного определения воды АКОВ,"Кронштадтский бульвар, 20 | ауд. В-506",1
Аппарат определения мехпримесей в топливе ПВФ35/1н,"Кронштадтский бульвар, 20 | ауд. В-506",1
Аппарат определения температуры помутнения и начала кристаллизации Кристалл 10Э,"Кронштадтский бульвар, 20 | ауд. В-506",1
Ареометр,"Кронштадтский бульвар, 20 | ауд. В-506",1
Виброметр «Корсар» Прибор определения фактических смол ПОС-01 Электропечь муфельная «СНОЛ» Универсальное устройство пробоподготовки Весы ЕК -200 G,"Кронштадтский бульвар, 20 | ауд. В-506",1
ИК-Фурье спектрометр,"Кронштадтский бульвар, 20 | ауд. В-506",1
"Комплект учебной мебели (столы, стулья, доска)","Кронштадтский бульвар, 20 | ауд. В-506",1
Кулометрический титратор для определения содержания воды методом карла Фишера,"Кронштадтский бульвар, 20 | ауд. В-506",1
ЛСАРТ - определение термостабильности АТ,"Кронштадтский бульвар, 20 | ауд. В-506",1
Машина трения ЧМТ,"Кронштадтский бульвар, 20 | ауд. В-506",1
Набор химической посуды Рабочая станция CORE2,"Кронштадтский бульвар, 20 | ауд. В-506",1
Прибор ПОЗ Т,"Кронштадтский бульвар, 20 | ауд. В-506",1
Прибор определения вязкости пластических смазок,"Кронштадтский бульвар, 20 | ауд. В-506",1
Принтер НР1160,"Кронштадтский бульвар, 20 | ауд. В-506",1
Рабочие места,"Кронштадтский бульвар, 20 | ауд. В-506",2
Рефрактометр ИРФ-454,"Кронштадтский бульвар, 20 | ауд. В-506",1
Система автоматического титрования 170,"Кронштадтский бульвар, 20 | ауд. В-506",1
Термостат для вискозиметров,"Кронштадтский бульвар, 20 | ауд. В-506",1
пикнометр - определение плотности АТ,"Кронштадтский бульвар, 20 | ауд. В-506",1
Аппарат АРНС-1Э,"Кронштадтский бульвар, 20 | ауд. В-507",1
Аппарат ТВ-3,"Кронштадтский бульвар, 20 | ауд. В-507",1
Аппарат автоматический для определения температуры вспышки в закрытом тигле АТВ-20,"Кронштадтский бульвар, 20 | ауд. В-507",1
Аппарат для определения температуры вспышки в закрытом тигле,"Кронштадтский бульвар, 20 | ауд. В-507",1
Весы аналитические,"Кронштадтский бульвар, 20 | ауд. В-507",1
Весы электронные KERN,"Кронштадтский бульвар, 20 | ауд. В-507",1
Вибрационный плотномер ВИП-2,"Кронштадтский бульвар, 20 | ауд. В-507",1
Дистиллятор электрический Д10,"Кронштадтский бульвар, 20 | ауд. В-507",1
Измеритель плотности жидкостей цифровой лабораторный ВИП-2,"Кронштадтский бульвар, 20 | ауд. В-507",1
"Комплект учебной мебели (столы, стулья, доска)","Кронштадтский бульвар, 20 | ауд. В-507",1
Набор химической посуды Мультимедийный проектор,"Кронштадтский бульвар, 20 | ауд. В-507",1
Прибор универсальный измерительный Р 4833,"Кронштадтский бульвар, 20 | ауд. В-507",1
Принтер НР,"Кронштадтский бульвар, 20 | ауд. В-507",1
РН-метр РН-150М,"Кронштадтский бульвар, 20 | ауд. В-507",1
Рабочая станция в составе с\б MODULE CM,"Кронштадтский бульвар, 20 | ауд. В-507",2
Рабочая станция тип 2HP 260 G2,"Кронштадтский бульвар, 20 | ауд. В-507",3
Рабочие места,"Кронштадтский бульвар, 20 | ауд. В-507",1
Сканер HP ScanJet 2400 C,"Кронштадтский бульвар, 20 | ауд. В-507",2
Термостат VIS-Т-S цифровой,"Кронштадтский бульвар, 20 | ауд. В-507",1
Термостат для измерений вязкости жидкостей VIS-T,"Кронштадтский бульвар, 20 | ауд. В-507",1
Шкаф сушильный,"Кронштадтский бульвар, 20 | ауд. В-507",1
рН-метр-милливольтметр рн-150М,"Кронштадтский бульвар, 20 | ауд. В-507",1
8 шт) Компьютер преподавателя (ноутбук) ASUS,"Кронштадтский бульвар, 20 | ауд. Д-401",1
"Комплект учебной мебели (столы, стулья,доска) Интерактивная доска ACTIV BOARD 95 216*116","Кронштадтский бульвар, 20 | ауд. Д-401",1
Рабочая станция тип2 НР 260G22vR73ES,"Кронштадтский бульвар, 20 | ауд. Д-401",1
Устр-во отображения информ.проектор EPSON EB-970,"Кронштадтский бульвар, 20 | ауд. Д-401",1
"Комплект учебной мебели (столы, стулья, доска) Интерактивная проекционная система SMARTBOARD","Кронштадтский бульвар, 20 | ауд. Д-402",1
Компьютер преподавателя HP P3130 PRO,"Кронштадтский бульвар, 20 | ауд. Д-402",1
"Комплект учебной мебели (столы, стулья,доска) Доска интерактивеая HITACHI","Кронштадтский бульвар, 20 | ауд. Д-403",1
Моноблок LENOVO IDEACENRE c 445G 21.5*,"Кронштадтский бульвар, 20 | ауд. Д-403",7
Мультимед. ультракороткофокусный проектор EPSON,"Кронштадтский бульвар, 20 | ауд. Д-403",1
"Комплект учебной мебели (столы, стулья, доска)","Пулковская улица, 10 | ауд. 5-102",1
"Комплект учебной мебели (столы, стулья, доска)","Пулковская улица, 10 | ауд. 5-112",1
"Комплект учебной мебели (столы, стулья, доска)","Пулковская улица, 10 | ауд. 5-203",1
"Комплект учебной мебели (столы, стулья, доска)","Пулковская улица, 10 | ауд. 5-204",1
"Комплект учебной мебели (столы, стулья, доска)","Пулковская улица, 10 | ауд. 5-206",1
"Комплект учебной мебели (столы, стулья, доска)","Пулковская улица, 10 | ауд. 5-207",1
"Комплект учебной мебели (столы, стулья, доска)","Пулковская улица, 10 | ауд. 5-208",1
"Комплект учебной мебели (столы, стулья, доска)","Пулковская улица, 10 | ауд. 5-209",1
"Комплект учебной мебели (столы, стулья, доска)","Пулковская улица, 10 | ауд. 5-216",1
"Комплект учебной мебели (столы, стулья, доска)","Пулковская улица, 10 | ауд. 5-220",1
"Комплект учебной мебели (столы, стулья, доска)","Пулковская улица, 10 | ауд. 5-303",1
Рабочая станция тип 2 НР 260 G2 2VR73ES,"Пулковская улица, 10 | ауд. 5-303",8
Лабораторный стенд «Криптографические системы»,"Пулковская улица, 10 | ауд. 5-307",1
Столы,"Пулковская улица, 10 | ауд. 5-307",1
мультимедийный видеопроектор,"Пулковская улица, 10 | ауд. 5-307",1
стулья,"Пулковская улица, 10 | ауд. 5-307",1
экран,"Пулковская улица, 10 | ауд. 5-307",1
Дисплей TFT (Монитор LG),"Пулковская улица, 10 | ауд. 5-308",1
Интерактивная доска Activeboard Promethean.Рабочие места,"Пулковская улица, 10 | ауд. 5-308",11
"Комплект учебной мебели (столы, стулья, доска)","Пулковская улица, 10 | ауд. 5-308",1
Компьютер ASER VERITOП,"Пулковская улица, 10 | ауд. 5-308",11
Мультимедийный проектор,"Пулковская улица, 10 | ауд. 5-308",1
Принтер НР,"Пулковская улица, 10 | ауд. 5-308",1
Контрольно-измерительная аппаратура общего применения: Компьютер,"Пулковская улица, 10 | ауд. 5-309",2
аппаратура защиты телефонных переговоров СКР-511 «Референт»,"Пулковская улица, 10 | ауд. 5-309",1
блокиратор сотовых телефонов «ЗАВЕСА»,"Пулковская улица, 10 | ауд. 5-309",1
видеопроектор,"Пулковская улица, 10 | ауд. 5-309",1
вольтметры,"Пулковская улица, 10 | ауд. 5-309",1
генератор WNG023,"Пулковская улица, 10 | ауд. 5-309",1
генератор низкой и высокой частоты,"Пулковская улица, 10 | ауд. 5-309",1
генератор шума,"Пулковская улица, 10 | ауд. 5-309",1
генератор шума ANG-2200,"Пулковская улица, 10 | ауд. 5-309",1
генератор шума «СОНАТА-С1»,"Пулковская улица, 10 | ауд. 5-309",1
генератор шума ГШ-501,"Пулковская улица, 10 | ауд. 5-309",1
диктофон OLYMPUS,"Пулковская улица, 10 | ауд. 5-309",1
импульсные генераторы,"Пулковская улица, 10 | ауд. 5-309",1
металлоискатель SPHINX,"Пулковская улица, 10 | ауд. 5-309",1
нелинейный радиолокатор «МАСТЕР»,"Пулковская улица, 10 | ауд. 5-309",1
осциллографы,"Пулковская улица, 10 | ауд. 5-309",1
помехоподавляющий фильтр ФАЗА 1-10,"Пулковская улица, 10 | ауд. 5-309",1
прибор D008,"Пулковская улица, 10 | ауд. 5-309",1
прибор MFP-8000,"Пулковская улица, 10 | ауд. 5-309",1
прибор ST031P,"Пулковская улица, 10 | ауд. 5-309",1
прибор «PROTECT 1203»,"Пулковская улица, 10 | ауд. 5-309",1
прибор для исследования корреляционных характеристик,"Пулковская улица, 10 | ауд. 5-309",1
программно-аппаратный комплекс «НАВИГАТОР-П3Г»,"Пулковская улица, 10 | ауд. 5-309",1
программно-аппаратный комплекс «СПРУТ-МИНИ»,"Пулковская улица, 10 | ауд. 5-309",1
сканирующий радиоприемник AR 8200,"Пулковская улица, 10 | ауд. 5-309",1
спектроанализаторы,"Пулковская улица, 10 | ауд. 5-309",1
телефонный скремблер «ГРОТ»,"Пулковская улица, 10 | ауд. 5-309",1
устройство защиты телефонных линий «ПРОКРУСТ-2000»,"Пулковская улица, 10 | ауд. 5-309",1
фазометры,"Пулковская улица, 10 | ауд. 5-309",1
частотомеры измерители параметров элементов электрических цепей,"Пулковская улица, 10 | ауд. 5-309",1
экран,"Пулковская улица, 10 | ауд. 5-309",1
Лабораторная приставка NI ELVIS II,"Пулковская улица, 10 | ауд. 5-311",1
Мультимедийный видеопроектор,"Пулковская улица, 10 | ауд. 5-311",1
Персональный компьютер,"Пулковская улица, 10 | ауд. 5-311",10
экран,"Пулковская улица, 10 | ауд. 5-311",1
CORE2 6550/FAN/ASUS,"Пулковская улица, 10 | ауд. 5-315",1
"Комплект учебной мебели (столы, стулья, доска)","Пулковская улица, 10 | ауд. 5-315",1
"МОНИТОР19"" TFT","Пулковская улица, 10 | ауд. 5-315",5
ПЭВМ Pentium 4,"Пулковская улица, 10 | ауд. 5-315",6
Рабочая станция,"Пулковская улица, 10 | ауд. 5-315",1
Рабочая станция CORE2 6550,"Пулковская улица, 10 | ауд. 5-315",1
в т.ч: сист. бл,"Пулковская улица, 10 | ауд. 5-315",1
Документ-камера,"Пулковская улица, 10 | ауд. 5-316",1
Комплекс интерактивный SMART BOARD SBD685,"Пулковская улица, 10 | ауд. 5-316",1
"Комплект учебной мебели (столы, стулья, доска)","Пулковская улица, 10 | ауд. 5-316",1
Компьютер преподавателя (ноутбук) Asus,"Пулковская улица, 10 | ауд. 5-316",1
рабочая станция CORE2 QUAD,"Пулковская улица, 10 | ауд. 5-316",6
1031019,"Пулковская улица, 10 | ауд. 5-402",1
"Комплект учебной мебели (столы, стулья, доска)","Пулковская улица, 10 | ауд. 5-402",1
ПЭВМ PENTIUM-4,"Пулковская улица, 10 | ауд. 5-402",13
кондиционер WSH 127 BE/WRH 127 BE,"Пулковская улица, 10 | ауд. 5-402",1
маршрутизатор CISCO10/1000SE,"Пулковская улица, 10 | ауд. 5-402",2
сервер HP PROLIANT ML,"Пулковская улица, 10 | ауд. 5-402",1
сервер Альтаир MULTISM252/2*XEON2400/512+FAN/MB INTEL SE7501HG2/2*512M PC2100,"Пулковская улица, 10 | ауд. 5-402",1
шкаф телекоммуникационный напольный 42U,"Пулковская улица, 10 | ауд. 5-402",1
"Комплект учебной мебели (столы, стулья, доска)","Пулковская улица, 10 | ауд. 5-403",1
рабочая станция тип 2 HP 260 G2 2VR73ES,"Пулковская улица, 10 | ауд. 5-403",10
"Комплект учебной мебели (столы, стулья, доска)","Пулковская улица, 10 | ауд. 5-405",1
экран настенный PRAPER LUMA,"Пулковская улица, 10 | ауд. 5-405",1
"Комплект учебной мебели (столы, стулья, доска)","Пулковская улица, 10 | ауд. 5-409",1
"панель интерактивнаяIDB LCD i70""","Пулковская улица, 10 | ауд. 5-409",1
рабочая станция CORE i5-2300,"Пулковская улица, 10 | ауд. 5-409",2
рабочая станция WSI SOLO,"Пулковская улица, 10 | ауд. 5-409",10
стенд лабораторный схемотехника NI ELVIS 2+,"Пулковская улица, 10 | ауд. 5-409",10
"Комплект учебной мебели (столы, стулья, доска)","Пулковская улица, 10 | ауд. 5-410",1
коммутатор 3COM BASELINE SWITCH 2824,"Пулковская улица, 10 | ауд. 5-410",1
кондиционер WSH 127 BE/WRH 127 BE,"Пулковская улица, 10 | ауд. 5-410",1
рабочая станция,"Пулковская улица, 10 | ауд. 5-410",12
экран на штативе SCREENMEDIA APOLLO T 180Х180см,"Пулковская улица, 10 | ауд. 5-410",1
190276,"Пулковская улица, 10 | ауд. 5-415",1
817,"Пулковская улица, 10 | ауд. 5-415",1
"Комплект учебной мебели (столы, стулья, шкафы)","Пулковская улица, 10 | ауд. 5-415",1
ПЭВМ PENTIUM-4,"Пулковская улица, 10 | ауд. 5-415",8
вольтметр В7-65,"Пулковская улица, 10 | ауд. 5-415",1
осциллограф С9-14,"Пулковская улица, 10 | ауд. 5-415",1
паяльник с припоем DIGITAL 2000A,"Пулковская улица, 10 | ауд. 5-415",1
"""Комплект учебной мебели (столы, стулья, доска)","Пулковская улица, 6 | ауд. 3-101",1
10 учебных стендов ТЭЦОЭ -С-К,"Пулковская улица, 6 | ауд. 3-101",1
Дисплей Philips,"Пулковская улица, 6 | ауд. 3-101",9
ПК Intel Celeron® CPU G1610 2.6 Ghz,"Пулковская улица, 6 | ауд. 3-101",9
"Учебный стенд """"Электрические системы света и светильники""","Пулковская улица, 6 | ауд. 3-101",1
Интерактивная проекционная система SMARTBOARD SBX880 I4/UF65,"Пулковская улица, 6 | ауд. 3-102",1
"Комплект учебной мебели (столы, стулья, доска)","Пулковская улица, 6 | ауд. 3-102",1
Компьютер преподавателя HP P3130 PRO,"Пулковская улица, 6 | ауд. 3-102",1
"Комплект учебной лабораторной мебели (столы, стулья, доска)","Пулковская улица, 6 | ауд. 3-105",1
Мультимедийный проектор,"Пулковская улица, 6 | ауд. 3-105",1
Рабочие места,"Пулковская улица, 6 | ауд. 3-105",1
"Комплект учебной мебели (столы, стулья, доска)","Пулковская улица, 6 | ауд. 3-106",1
Микроскопы МИМ-7,"Пулковская улица, 6 | ауд. 3-106",1
Мультимедийный проектор,"Пулковская улица, 6 | ауд. 3-106",1
Рабочие места,"Пулковская улица, 6 | ауд. 3-106",1
Твердомер ТКС 14-250,"Пулковская улица, 6 | ауд. 3-106",1
Твердомер Темп-3 и комплектующие,"Пулковская улица, 6 | ауд. 3-106",1
Твердомер-ТР 5006,"Пулковская улица, 6 | ауд. 3-106",1
Электропечь « Снол»,"Пулковская улица, 6 | ауд. 3-106",2
Дисплей Philips,"Пулковская улица, 6 | ауд. 3-111",7
"Комплект учебной мебели (столы, стулья, доска)","Пулковская улица, 6 | ауд. 3-111",8
Компьютер преподавателя Pentium CPU G860 3Ghz,"Пулковская улица, 6 | ауд. 3-111",1
Настенный монитор Sharp,"Пулковская улица, 6 | ауд. 3-111",1
ПК Intel Pentium CPU G2020 2.9 Ghz,"Пулковская улица, 6 | ауд. 3-111",7
Системны блок HP Intel Core I3-6100U 2.30Ghz,"Пулковская улица, 6 | ауд. 3-111",1
"Учебный стенд ""Источники света""","Пулковская улица, 6 | ауд. 3-111",1
"Учебный стенд ""Электрические системы света и светильники","Пулковская улица, 6 | ауд. 3-111",1
"ектов универсальных лабораторных стендов ТЭЦ иОЭ2-СКМ ""Теория электрических цепей и основы электротехники""","Пулковская улица, 6 | ауд. 3-111",1
"Комплект учебной мебели (столы, стулья, доска)","Пулковская улица, 6 | ауд. 3-114",1
Стенд И-11,"Пулковская улица, 6 | ауд. 3-114",1
Установка ППУ-2,"Пулковская улица, 6 | ауд. 3-114",1
Установка УПП-1,"Пулковская улица, 6 | ауд. 3-114",1
Установка лабораторная для исследования регулировки скорости двигателя,"Пулковская улица, 6 | ауд. 3-114",1
Установка проверки закрылков ПП-СЭУ-3,"Пулковская улица, 6 | ауд. 3-114",1
Установка проверки манометров ЭУПМ-2М,"Пулковская улица, 6 | ауд. 3-114",1
Установка проверки тахометров УПТ КСП,"Пулковская улица, 6 | ауд. 3-114",1
Установка проверки термометров УПТ-1М,"Пулковская улица, 6 | ауд. 3-114",1
"Комплект учебной мебели (столы, стулья, доска)","Пулковская улица, 6 | ауд. 3-115",1
Стенд И-11,"Пулковская улица, 6 | ауд. 3-115",1
Установка ППУ-2,"Пулковская улица, 6 | ауд. 3-115",1
Установка УПП-1,"Пулковская улица, 6 | ауд. 3-115",1
Установка лабораторная для исследования регулировки скорости двигателя,"Пулковская улица, 6 | ауд. 3-115",1
Установка проверки закрылков ПП-СЭУ-3,"Пулковская улица, 6 | ауд. 3-115",1
Установка проверки манометров ЭУПМ-2М,"Пулковская улица, 6 | ауд. 3-115",1
Установка проверки тахометров УПТ КСП,"Пулковская улица, 6 | ауд. 3-115",1
Установка проверки термометров УПТ-1М,"Пулковская улица, 6 | ауд. 3-115",1
Дисплей Philips,"Пулковская улица, 6 | ауд. 3-116",4
"Комплект учебной мебели (столы, стулья, доска)","Пулковская улица, 6 | ауд. 3-116",4
ПК Intel Celeron® CPU G1610 2.6 Ghz,"Пулковская улица, 6 | ауд. 3-116",4
"екта типового универсального лабораторного оборудования ""Теория электрических цепей и основы электротехники"" ТЭЦОЭ1-С-К","Пулковская улица, 6 | ауд. 3-116",1
ВОЛЬТМЕТР Ф210 1/1,"Пулковская улица, 6 | ауд. 3-125",1
"Комплект учебной мебели (столы, стулья, доска)","Пулковская улица, 6 | ауд. 3-125",1
МАЯК ПРОБЛЕСКОВЫЙ СМИ-2КМ,"Пулковская улица, 6 | ауд. 3-125",1
МЕХАНИЗМ ЭПВ-8П,"Пулковская улица, 6 | ауд. 3-125",2
ОСЦИЛЛОГРАФ С1-117/1,"Пулковская улица, 6 | ауд. 3-125",2
ОСЦИЛЛОГРАФ С1-72,"Пулковская улица, 6 | ауд. 3-125",1
СТАБИЛИЗАТОР ТЕС-15,"Пулковская улица, 6 | ауд. 3-125",1
СТАБИЛИЗАТОР ТЕС-7М,"Пулковская улица, 6 | ауд. 3-125",1
СТЕНД УК-154 0300,"Пулковская улица, 6 | ауд. 3-125",1
СТЕНД УК-154 0400,"Пулковская улица, 6 | ауд. 3-125",1
СТЕНД УК-154 0602 СИСТЕМА СП3-1А ИЗДЕЛИЕ 154,"Пулковская улица, 6 | ауд. 3-125",1
СТЕНД УК-154 1100,"Пулковская улица, 6 | ауд. 3-125",1
Доска аудиторная поворотная ДП-12 (150*100) 10603731,"Пулковская улица, 6 | ауд. 3-205",1
"ТРЕНАЖЕР ""СИНТЕЗ-ТЦ"" 210126004922","Пулковская улица, 6 | ауд. 3-205",1
"ТРЕНАЖЕР ""СИНТЕЗ-ТЦ"" 30600251","Пулковская улица, 6 | ауд. 3-205",1
Доска аудиторная поворотная ДП-12 (150*100) 10603731,"Пулковская улица, 6 | ауд. 3-207",1
"ТРЕНАЖЕР ""СИНТЕЗ-ТЦ"" 210126004922","Пулковская улица, 6 | ауд. 3-207",1
"ТРЕНАЖЕР ""СИНТЕЗ-ТЦ"" 30600251","Пулковская улица, 6 | ауд. 3-207",1
Доска аудиторная поворотная ДП-12 (150*100) 10603731,"Пулковская улица, 6 | ауд. 3-208",1
"ТРЕНАЖЕР ""СИНТЕЗ-ТЦ"" 210126004922","Пулковская улица, 6 | ауд. 3-208",1
"ТРЕНАЖЕР ""СИНТЕЗ-ТЦ"" 30600251","Пулковская улица, 6 | ауд. 3-208",1
ВОЛЬТМЕТР Щ-4313 ЦИФРОВОЙ,"Пулковская улица, 6 | ауд. 3-217",2
ИЗМЕРИТЕЛЬ ПОЛНЫХ СОПРОТИВЛЕНИЙ Р3-35,"Пулковская улица, 6 | ауд. 3-217",1
ИЗМЕРИТЕЛЬ РАЗНОСТИ ФАЗ Ф2 - 34,"Пулковская улица, 6 | ауд. 3-217",1
"Комплект учебной мебели (столы, стулья, доска)","Пулковская улица, 6 | ауд. 3-217",1
Л10012,"Пулковская улица, 6 | ауд. 3-217",1
ЛИНИЯ ИЗМЕРИТЕЛЬНАЯ Р1-36,"Пулковская улица, 6 | ауд. 3-217",1
ОСЦИЛЛОГРАФ С1-77,"Пулковская улица, 6 | ауд. 3-217",1
СТАБИЛИЗАТОР ТЕС-13 ЛАБОРАТОРНЫЙ,"Пулковская улица, 6 | ауд. 3-217",2
СТАБИЛИЗАТОР ТЕС-7М,"Пулковская улица, 6 | ауд. 3-217",2
СТЕНД ЛСЭ-2,"Пулковская улица, 6 | ауд. 3-217",3
ВОЛЬТМЕТР В7-27,"Пулковская улица, 6 | ауд. 3-219",2
ГЕНЕРАТОР ГТ 40П46,"Пулковская улица, 6 | ауд. 3-219",4
"Комплект учебной мебели (столы, стулья, доска)","Пулковская улица, 6 | ауд. 3-219",1
"екта типового лабораторного оборудования """"Электрические машины и привод ЭМП2М-С-К","Пулковская улица, 6 | ауд. 3-219",1
БЛОК БРЧ-62БМ РЕГУЛИРОВКИ ЧАСТОТ,"Пулковская улица, 6 | ауд. 3-220",1
БЛОК РЕГУЛИРОВАНИЯ НАПРЯЖЕНИЯ БРН,"Пулковская улица, 6 | ауд. 3-220",1
БЛОК РЕГУЛИРОВАНИЯ НАПРЯЖЕНИЯ БРН 208М7А,"Пулковская улица, 6 | ауд. 3-220",2
БРЗУ-115,"Пулковская улица, 6 | ауд. 3-220",1
ВОЛЬТМЕТР В7-26 УНИВЕРСАЛЬНЫЙ,"Пулковская улица, 6 | ауд. 3-220",1
ВОЛЬТМЕТР Щ-304 ЦИФРОВОЙ,"Пулковская улица, 6 | ауд. 3-220",2
ГЕНЕРАТОР Г5-54,"Пулковская улица, 6 | ауд. 3-220",1
ГЕНЕРАТОР ГТ 40П46,"Пулковская улица, 6 | ауд. 3-220",2
"Комплект учебной мебели (столы, стулья, доска)","Пулковская улица, 6 | ауд. 3-220",1
Н10167,"Пулковская улица, 6 | ауд. 3-220",1
ОСЦИЛЛОГРАФ С1-19Б,"Пулковская улица, 6 | ауд. 3-220",1
ОСЦИЛЛОГРАФ С1-72,"Пулковская улица, 6 | ауд. 3-220",2
ОСЦИЛЛОГРАФ С1-77,"Пулковская улица, 6 | ауд. 3-220",1
ОСЦИЛЛОГРАФ С1-79,"Пулковская улица, 6 | ауд. 3-220",1
ПРЕОБРАЗОВАТЕЛЬ ПТС 500С,"Пулковская улица, 6 | ауд. 3-220",1
ПРИВОД ГП 40П46 ДЛЯ ИСПЫТАНИЯ ГЕНЕРАТОРОВ,"Пулковская улица, 6 | ауд. 3-220",1
СТАБИЛИЗАТОР ТЕС-7М,"Пулковская улица, 6 | ауд. 3-220",1
СТЕНД УК-154 1000,"Пулковская улица, 6 | ауд. 3-220",1
Системный блок HP Intel Core I3-6100U 2.30Ghz,"Пулковская улица, 6 | ауд. 3-220",2
"Комплект учебной мебели (столы, стулья, доска)","Пулковская улица, 6 | ауд. 3-226",1
"Комплект учебной мебели (столы, стулья, доска) Экран к проектору 180*180 на треноге 10603086","Пулковская улица, 6 | ауд. 3-301",1
Плоттер HP DESIGNJET T525,"Пулковская улица, 6 | ауд. 3-301",1
Рабочая станция АРМ ITP BUSINESS тип 2,"Пулковская улица, 6 | ауд. 3-301",5
Рабочая станция Тип 2 HP 260 G2 2VR73ES,"Пулковская улица, 6 | ауд. 3-301",7
"Комплект учебной мебели (столы, стулья, доска) Экран к проектору 180*180 на треноге 10603086","Пулковская улица, 6 | ауд. 3-302",1
Плоттер HP DESIGNJET T525,"Пулковская улица, 6 | ауд. 3-302",1
Рабочая станция АРМ ITP BUSINESS тип 2,"Пулковская улица, 6 | ауд. 3-302",5
Рабочая станция Тип 2 HP 260 G2 2VR73ES,"Пулковская улица, 6 | ауд. 3-302",7
Автопилот АП-28Л,"Пулковская улица, 6 | ауд. 3-304",1
Автопилот АП-40,"Пулковская улица, 6 | ауд. 3-304",2
Источник питания ВИП-010,"Пулковская улица, 6 | ауд. 3-304",2
Комплекс вычислительный,"Пулковская улица, 6 | ауд. 3-304",1
Комплекс навигационный ОЛЬХА-1,"Пулковская улица, 6 | ауд. 3-304",1
Комплекс пилотажный БПК-1П-42,"Пулковская улица, 6 | ауд. 3-304",1
Пульт контроля,"Пулковская улица, 6 | ауд. 3-304",2
Пульт управления,"Пулковская улица, 6 | ауд. 3-304",1
СУ-86,"Пулковская улица, 6 | ауд. 3-304",2
Система автоматического управления САУ-1Т,"Пулковская улица, 6 | ауд. 3-304",1
Система автоматического управления САУ-1Т-2-86,"Пулковская улица, 6 | ауд. 3-304",1
Стол поворотный КПА-5,"Пулковская улица, 6 | ауд. 3-304",3
Установка МПУ-1,"Пулковская улица, 6 | ауд. 3-304",3
Установка ПАА-34 Б,"Пулковская улица, 6 | ауд. 3-304",1
Установка УПССП-7,"Пулковская улица, 6 | ауд. 3-304",1
Установка проверки гироскопических приборов,"Пулковская улица, 6 | ауд. 3-304",1
АСУ АСП,"Пулковская улица, 6 | ауд. 3-313",2
Авиагоризонт,"Пулковская улица, 6 | ауд. 3-313",22
Автомат,"Пулковская улица, 6 | ауд. 3-313",4
Аппаратура контрольно-проверочная,"Пулковская улица, 6 | ауд. 3-313",2
Аппаратура контрольно-проверочная ИС-1,"Пулковская улица, 6 | ауд. 3-313",2
Аппаратура контрольно-проверочная КПА УГВ-10,"Пулковская улица, 6 | ауд. 3-313",2
Аппаратура контрольно-проверочная КПА-НВУ-Б3,"Пулковская улица, 6 | ауд. 3-313",2
Аппаратура сдвоенная измерительная,"Пулковская улица, 6 | ауд. 3-313",2
БКПД,"Пулковская улица, 6 | ауд. 3-313",4
Выключатель коррекции ВК-90,"Пулковская улица, 6 | ауд. 3-313",2
Высотомер,"Пулковская улица, 6 | ауд. 3-313",2
Вычислитель навигационный,"Пулковская улица, 6 | ауд. 3-313",2
Гироагрегат,"Пулковская улица, 6 | ауд. 3-313",48
Изделие НВУ,"Пулковская улица, 6 | ауд. 3-313",2
Компас,"Пулковская улица, 6 | ауд. 3-313",2
ППД-1М,"Пулковская улица, 6 | ауд. 3-313",4
Платформа ПГ-1В-11,"Пулковская улица, 6 | ауд. 3-313",4
Пуль управления ПУ-36,"Пулковская улица, 6 | ауд. 3-313",2
Система воздушных сигналов,"Пулковская улица, 6 | ауд. 3-313",8
Точная курсовая система ТКСП,"Пулковская улица, 6 | ауд. 3-313",2
Точная курсовая система ТКСП-2,"Пулковская улица, 6 | ауд. 3-313",2
Указатель поворота ЭУП-53 электрический,"Пулковская улица, 6 | ауд. 3-313",8
Установка КТУ-1,"Пулковская улица, 6 | ауд. 3-313",2
Установка КТУ-1М,"Пулковская улица, 6 | ауд. 3-313",2
Установка УПП ГМК,"Пулковская улица, 6 | ауд. 3-313",2
Установка проверки авиагоризонтов ПА-АГД-1,"Пулковская улица, 6 | ауд. 3-313",2
Установка проверки гироскопических приборов УПГ-56,"Пулковская улица, 6 | ауд. 3-313",2
Установка проверки курсовых систем,"Пулковская улица, 6 | ауд. 3-313",6
Комплект специализированной мебели,"Пулковская улица, 6 | ауд. 3-316",1
Установка КТУ-1М Установка лабораторная для исследования регулировки скорости двигателя Установка ППУ-2 Установка проверки манометров ЭУПМ-2М Установка проверки тахометров УПТ КСП Установка УПП-1 Установка УПТ-1М проверки термометров,"Пулковская улица, 6 | ауд. 3-316",1
Комплекс лабораторных стендов “Основы электроники” - 8 рабочих мест,"Пулковская улица, 6 | ауд. 3-401",1
Интерактивная проекционная система SMARTBOARDSBX 88014/UF65 Стол консоль преподавателя мультимедийная Helios МЕБ 930695 Многоформативный переключатель коммутатор KRAMERVP-23C Документ-камера AVER VISION 300 AF,"Пулковская улица, 6 | ауд. 3-402",1
ПК преподавателя,"Пулковская улица, 6 | ауд. 3-402",1
Радиостанции «Серии 200»: - приёмопередатчик многоканальный ОВЧ с опцией EU230-S XU250A 6082 2017K03,"Пулковская улица, 6 | ауд. 3-402",1
блок дистанционного контроля и управления REM-BUS с опциями GV201-S GV201-TGV201,"Пулковская улица, 6 | ауд. 3-402",1
передатчик многоканальный ОВЧ SU250A 6082 2317K02,"Пулковская улица, 6 | ауд. 3-402",1
приёмник многоканальный ОВЧ с опциями EU230-S IN201A EU230 6082.2917K02 Дальномер самолетный СД-67 Аппаратура навигации и посадки курс МП-70,"Пулковская улица, 6 | ауд. 3-402",2
Лабораторный стенд “Автогенераторы гармонических колебаний ” УФС,"Пулковская улица, 6 | ауд. 3-404",3
Лабораторный стенд “Амплитудная модуляция” УФС,"Пулковская улица, 6 | ауд. 3-404",3
Оборудование 87Л-01 для проведения лабораторно-практических работ,"Пулковская улица, 6 | ауд. 3-404",2
Учебно-лабораторный стенд “Пассивный цифровой синтезатор частоты” УФС-4 Учебно-лабораторный стенд “Цифровой синтезатор частоты с ФАП” УФС-5,"Пулковская улица, 6 | ауд. 3-404",1
Учебно-лабораторный стенд “Транзисторный усилитель мощности” УФС-01,"Пулковская улица, 6 | ауд. 3-404",3
Анализатор СК4-27 спектра,"Пулковская улица, 6 | ауд. 3-405",1
Генератор Г4-128 сигналов высокочастотный,"Пулковская улица, 6 | ауд. 3-405",1
Генератор Г4-80,"Пулковская улица, 6 | ауд. 3-405",1
Генератор Г4-83,"Пулковская улица, 6 | ауд. 3-405",2
Прибор измерительный РИП-3 радиолокационный,"Пулковская улица, 6 | ауд. 3-405",3
Спектроанализатор С4-60,"Пулковская улица, 6 | ауд. 3-405",2
Учебный лабораторный комплекс для изучения приёмопередающих устройств и антенн,"Пулковская улица, 6 | ауд. 3-405",1
Частотомер Ч3-63/1,"Пулковская улица, 6 | ауд. 3-405",1
"Лабораторные стенды ""Электроника","Пулковская улица, 6 | ауд. 3-408",1
"микроэлектроника и телекоммуникации""","Пулковская улица, 6 | ауд. 3-408",1
"Лабораторные стенды ""Электроника","Пулковская улица, 6 | ауд. 3-409",1
"микроэлектроника и телекоммуникации""","Пулковская улица, 6 | ауд. 3-409",1
Детектор амплитудный УОС-02,"Пулковская улица, 6 | ауд. 3-412",1
Лабораторная установка УОС-01,"Пулковская улица, 6 | ауд. 3-412",1
Лабораторная установка УОС-02,"Пулковская улица, 6 | ауд. 3-412",1
Лабораторная установка УОС-04,"Пулковская улица, 6 | ауд. 3-412",1
Цепь входная УОС Инв.№ Лабораторная установка УОС-08,"Пулковская улица, 6 | ауд. 3-412",2
Специализированный тренажер технической эксплуатации летательных аппаратов и двигателей,"Пулковская улица, 6 | ауд. 3-413",1
авиационных электросистем и ПНК,"Пулковская улица, 6 | ауд. 3-413",1
транспортного радиооборудования НИТА,"Пулковская улица, 6 | ауд. 3-413",1
Мультимедийный проектор SANYO PLC XU-78 3000 ANSI XGA,"Пулковская улица, 6 | ауд. 3-414",1
интерактивная доска- экран ACTIV BOARD 78 162*116,"Пулковская улица, 6 | ауд. 3-414",1
Интерактивная доска- экран ACTIV BOARD 78 162*116,"Пулковская улица, 6 | ауд. 3-415",1
Мультимедийный проектор SANYO PLC XU-78 3000 ANSI XGA,"Пулковская улица, 6 | ауд. 3-415",1
Интерактивная доска- экран ACTIV BOARD 78 162*116,"Пулковская улица, 6 | ауд. 3-416",1
Мультимедийный проектор SANYO PLC XU-78 3000 ANSI XGA,"Пулковская улица, 6 | ауд. 3-416",1
Персональный компьютер,"Пулковская улица, 6 | ауд. 3-417",11
Стенд УМ-11: для изучения интегральных схем,"Пулковская улица, 6 | ауд. 3-420",3
Стенд УМ-12 для исследования счетчиков,"Пулковская улица, 6 | ауд. 3-420",3
Станция радиолокационная стенд Гроза-86 Стенд Гроза-СБ Станция радиолокационная Гроза Станция радиолокационная Гроза Станция радиолокационная А 813 Ответчик самолетный СОМ-64 - 2 комп,"Пулковская улица, 6 | ауд. 3-421",1
Лабораторные стенды «Основы метрологии и электрические измерения» - 10 рабочих мест,"Пулковская улица, 6 | ауд. 4-110",1
Многоформативный переключатель коммутатор KRAMERVP-23C Документ-камера AVER VISION 300 AF Радиостанция «Микрон» Радиопередатчик «Полет-2А»,"Пулковская улица, 6 | ауд. 4-111",1
Лабораторный комплекс NI ELVIS 2,"Пулковская улица, 6 | ауд. 4-115",9
Персональный компьютер,"Пулковская улица, 6 | ауд. 4-115",9
Персональный компьютер,"Пулковская улица, 6 | ауд. 4-117",10
Комплект ЛКО-1-М,"Пулковская улица, 6 | ауд. 4-214",4
"Комплект учебной мебели (столы, стулья, доска)","Пулковская улица, 6 | ауд. 4-214",1
ПЭВМ FORMOSA 7280,"Пулковская улица, 6 | ауд. 4-214",4
"Комплект учебной мебели (столы, стулья, доска)","Пулковская улица, 6 | ауд. 4-216",1
"Установка ""Маятник Максвелла"" ФМ-12","Пулковская улица, 6 | ауд. 4-216",3
"Установка ""Маятник Обербека"" ФМ-12","Пулковская улица, 6 | ауд. 4-216",3
"Комплект учебной мебели (столы, стулья, доска)","Пулковская улица, 6 | ауд. 4-217",1
"Монитор 17"" SAMSUNG 795","Пулковская улица, 6 | ауд. 4-217",9
Системные блоки Р4-2400,"Пулковская улица, 6 | ауд. 4-217",1
Системные блоки Р4-2800,"Пулковская улица, 6 | ауд. 4-217",8
"Комплект учебной мебели (столы, стулья, доска)","Пулковская улица, 6 | ауд. 4-218",1
ПЭВМ FORMOSA P4-2800,"Пулковская улица, 6 | ауд. 4-218",11
Аудитория 4-303,"Пулковская улица, 6 | ауд. 4-303",1
ПЭВМ З4-2800,"Пулковская улица, 6 | ауд. 4-303",2
"Установка ""Спектр излучения атома водорода"" ФПК-09","Пулковская улица, 6 | ауд. 4-303",4
"Установка""Зонная теория электропроводности"" ФПК-07","Пулковская улица, 6 | ауд. 4-303",4
"Учебная аудитория для проведения лабораторных работ Комплект учебной мебели (столы, стулья, доска)","Пулковская улица, 6 | ауд. 4-303",1
"Комплект учебной мебели (столы, стулья, доска)","Пулковская улица, 6 | ауд. 4-306",1
ПЭВМ PENTIUM 4,"Пулковская улица, 6 | ауд. 4-306",15
Проектор PANASONIC,"Пулковская улица, 6 | ауд. 4-306",1
Рабочая станция CORE,"Пулковская улица, 6 | ауд. 4-306",6
"Комплект учебной мебели (столы, стулья, доска)","Пулковская улица, 6 | ауд. 4-307",1
"Комплект учебной мебели (столы, стулья, доска)","Пулковская улица, 6 | ауд. 4-308",1
"Комплект учебной мебели (столы, стулья, доска)","Пулковская улица, 6а | ауд. 1-202",2
"Комплект учебной мебели (столы, стулья, доска)","Пулковская улица, 6а | ауд. 1-203",2
"Комплект учебной мебели (столы, стулья, доска)","Пулковская улица, 6а | ауд. 1-204",1
"""Комплект учебной мебели (столы, стулья, доска)","Пулковская улица, 6а | ауд. 1-205",1
Персональный компьютер,"Пулковская улица, 6а | ауд. 1-205",1
Программное обеспечение : пакет программ Microsoft,"Пулковская улица, 6а | ауд. 1-205",1
Проектор,"Пулковская улица, 6а | ауд. 1-205",1
Экран,"Пулковская улица, 6а | ауд. 1-205",1
"Комплект учебной мебели (столы, стулья, доска)","Пулковская улица, 6а | ауд. 1-206",1
Персональный компьютер,"Пулковская улица, 6а | ауд. 1-206",1
"Программное обеспечение : пакет программ Microsoft (ОС семейства Windows, пакеты приложений Microsoft Office)","Пулковская улица, 6а | ауд. 1-206",1
Проектор,"Пулковская улица, 6а | ауд. 1-206",1
Экран,"Пулковская улица, 6а | ауд. 1-206",1
"Комплект учебной мебели (столы, стулья, доска)","Пулковская улица, 6а | ауд. 1-207",1
"Комплект учебной мебели (столы, стулья, доска)","Пулковская улица, 6а | ауд. 1-210",1
Доска меловая зеленая,"Пулковская улица, 6а | ауд. 1-211",1
ПК Стол письменный,"Пулковская улица, 6а | ауд. 1-211",7
Стул,"Пулковская улица, 6а | ауд. 1-211",13
Тумба 3 ящика,"Пулковская улица, 6а | ауд. 1-211",1
Шкаф для бумаг,"Пулковская улица, 6а | ауд. 1-211",1
"Монитор MultiSync LCD1970NXp 19""""","Пулковская улица, 6а | ауд. 1-212",1
ПК Formoza P4-2/8 2MBEM64T + FAN\:i945G\512 MDDR II PC-E128X700TV\ETHC1000PCI\3''\DVD (Сист.бл),"Пулковская улица, 6а | ауд. 1-212",1
Сейф,"Пулковская улица, 6а | ауд. 1-212",2
Шкаф для бумаг,"Пулковская улица, 6а | ауд. 1-212",2
Акустические системы Edifier,"Пулковская улица, 6а | ауд. 1-213",2
Интерактивная доска Panasonic UB-T580W,"Пулковская улица, 6а | ауд. 1-213",1
Конструктив преподавателя Teacher Desk 330.01HD,"Пулковская улица, 6а | ауд. 1-213",1
Конструктив студента Student Desk 331.01HD,"Пулковская улица, 6а | ауд. 1-213",16
Маршрутизатор D-Link DGS-1100-24,"Пулковская улица, 6а | ауд. 1-213",1
Монитор ViewSonic VX2210 VH-LED,"Пулковская улица, 6а | ауд. 1-213",2
Моноблок Lenovo B320 10069,"Пулковская улица, 6а | ауд. 1-213",16
Проектор мультимедийный Panasonic PT-AE7000,"Пулковская улица, 6а | ауд. 1-213",1
Системные блоки ATX-400PNR,"Пулковская улица, 6а | ауд. 1-213",2
Шкаф для бумаг,"Пулковская улица, 6а | ауд. 1-213",4
"Комплект учебной мебели (столы, стулья, доска)","Пулковская улица, 6а | ауд. 1-214",1
"Комплект учебной мебели (столы, стулья, доска)","Пулковская улица, 6а | ауд. 1-215",1
"Комплект учебной мебели (столы, стулья, доска)","Пулковская улица, 6а | ауд. 1-216",1
"Комплект учебной мебели (столы, стулья, доска)","Пулковская улица, 6а | ауд. 1-217",1
"Комплект учебной мебели (столы, стулья, доска) Ноутбук Acer","Пулковская улица, 6а | ауд. 1-304",1
Мультимедийный проектор Panasonic,"Пулковская улица, 6а | ауд. 1-304",1
Переносной экран на штативе Matte White S 200х200,"Пулковская улица, 6а | ауд. 1-304",1
6/INTEL,"Пулковская улица, 6а | ауд. 1-305",4
8/INTEL,"Пулковская улица, 6а | ауд. 1-305",11
"Дисплей TFT (Монитор Samsung LCD 17"""" 710 N TFT)","Пулковская улица, 6а | ауд. 1-305",9
"Дисплей TFT (Монитор Samsung LCD 19"""" 910 N TFT)","Пулковская улица, 6а | ауд. 1-305",6
"Комплект учебной мебели (столы, стулья, доска) Рабочие места","Пулковская улица, 6а | ауд. 1-305",15
Компьютер Pentium 4-2,"Пулковская улица, 6а | ауд. 1-305",2
Блок БК-300,"Пулковская улица, 6а | ауд. 1-307",3
Блок БКН-86,"Пулковская улица, 6а | ауд. 1-307",3
Блок БПБЭ 3Б,"Пулковская улица, 6а | ауд. 1-307",3
Блок БПП-76,"Пулковская улица, 6а | ауд. 1-307",3
Блок БРН,"Пулковская улица, 6а | ауд. 1-307",5
Блок автоматического запуска БАЗ-86,"Пулковская улица, 6а | ауд. 1-307",4
Блок защиты БЗУ,"Пулковская улица, 6а | ауд. 1-307",2
Блок реле,"Пулковская улица, 6а | ауд. 1-307",4
Выпрямитель ВУ-3Б,"Пулковская улица, 6а | ауд. 1-307",2
Измеритель температуры ИТП-1,"Пулковская улица, 6а | ауд. 1-307",1
Индикатор ИП-45Э,"Пулковская улица, 6а | ауд. 1-307",1
Мультиметр стрелочный,"Пулковская улица, 6а | ауд. 1-307",6
Преобразователь ПТС-250-2с,"Пулковская улица, 6а | ауд. 1-307",1
Прибор УКАМП,"Пулковская улица, 6а | ауд. 1-307",2
Пульт ППСС,"Пулковская улица, 6а | ауд. 1-307",1
Радиовысотомер А-031,"Пулковская улица, 6а | ауд. 1-307",2
Радиокомпас АРК-15,"Пулковская улица, 6а | ауд. 1-307",1
Радиостанция БАКЛАН-20,"Пулковская улица, 6а | ауд. 1-307",2
Радиостанция МИКРОН МК-36-03,"Пулковская улица, 6а | ауд. 1-307",1
СУС-86,"Пулковская улица, 6а | ауд. 1-307",2
Система 2ИА-7АБ,"Пулковская улица, 6а | ауд. 1-307",1
Трансформатор ТС,"Пулковская улица, 6а | ауд. 1-307",2
Тренажер Ил-86 Автомат переключения питания АПП-1М-3,"Пулковская улица, 6а | ауд. 1-307",2
Указатель УИ3 3Б,"Пулковская улица, 6а | ауд. 1-307",2
"Комплект учебной мебели (столы, стулья, доска)","Пулковская улица, 6а | ауд. 1-308",1
Аппаратура контрольно-проверочная АП-СВС-2П,"Пулковская улица, 6а | ауд. 1-309",1
Аппаратура контрольно-проверочная КПА-20-86,"Пулковская улица, 6а | ауд. 1-309",2
Аппаратура контрольно-проверочная ОРБИТА-20 ПП20-9,"Пулковская улица, 6а | ауд. 1-309",1
Аппаратура сдвоенная измерительная 2ИА-7А,"Пулковская улица, 6а | ауд. 1-309",2
Выпрямитель ВКС-285,"Пулковская улица, 6а | ауд. 1-309",1
Датчик поплавковый,"Пулковская улица, 6а | ауд. 1-309",1
Индукционный датчик,"Пулковская улица, 6а | ауд. 1-309",2
Комплекс пилотажно-навигационный ПИЖМА,"Пулковская улица, 6а | ауд. 1-309",1
Курсовертикаль инерциальная ИКВ-72,"Пулковская улица, 6а | ауд. 1-309",1
МСРП,"Пулковская улица, 6а | ауд. 1-309",1
Машина вычислительная ЦВМ-20-86К,"Пулковская улица, 6а | ауд. 1-309",1
Преобразователь ПТС-250-2с,"Пулковская улица, 6а | ауд. 1-309",1
Прибор АП-СВС-2П,"Пулковская улица, 6а | ауд. 1-309",1
Прибор УПМ-1,"Пулковская улица, 6а | ауд. 1-309",1
САРПП,"Пулковская улица, 6а | ауд. 1-309",1
СТ-1,"Пулковская улица, 6а | ауд. 1-309",2
Система ИПОС-4 противообледенительная,"Пулковская улица, 6а | ауд. 1-309",14
Система МСРП-256-1В,"Пулковская улица, 6а | ауд. 1-309",2
Система САС-4-3,"Пулковская улица, 6а | ауд. 1-309",1
Система СКТТ-1,"Пулковская улица, 6а | ауд. 1-309",1
Система СПГ1 ВК1604006ПС,"Пулковская улица, 6а | ауд. 1-309",1
Стенд УС-4,"Пулковская улица, 6а | ауд. 1-309",2
Стенд системы запуска двигателей,"Пулковская улица, 6а | ауд. 1-309",1
Стенд системы управления закрылками,"Пулковская улица, 6а | ауд. 1-309",1
Стенд системы электроснабжения переменным током,"Пулковская улица, 6а | ауд. 1-309",1
Стенд системы электроснабжения постоянным током,"Пулковская улица, 6а | ауд. 1-309",1
Установка КПУ-3,"Пулковская улица, 6а | ауд. 1-309",1
Установка ППУР-42,"Пулковская улица, 6а | ауд. 1-309",1
Установка СПКА,"Пулковская улица, 6а | ауд. 1-309",1
Установка УП3-АОС81М проверки автомата обогрева стекол,"Пулковская улица, 6а | ауд. 1-309",1
Устройство воспроизведения информации СНОУ-1,"Пулковская улица, 6а | ауд. 1-309",1
Щит школьный электрораспределительный,"Пулковская улица, 6а | ауд. 1-309",1
Акустическая система JBL,"Пулковская улица, 6а | ауд. 1-311",1
Интерактивная доска Activeboard Promethean,"Пулковская улица, 6а | ауд. 1-311",1
Коммутационный модуль H-23,"Пулковская улица, 6а | ауд. 1-311",1
"Комплект учебной мебели (столы, стулья, доска) Ноутбук ASUS","Пулковская улица, 6а | ауд. 1-311",1
Мультимедийный проектор SANYO,"Пулковская улица, 6а | ауд. 1-311",1
Проигрыватель DVD JVC,"Пулковская улица, 6а | ауд. 1-311",1
Усилитель мощности CROWN,"Пулковская улица, 6а | ауд. 1-311",1
"Комплект учебной мебели (столы, стулья, доска)","Пулковская улица, 6а | ауд. 1-312",1
"Комплект учебной мебели (столы, стулья, доска)","Пулковская улица, 6а | ауд. 1-315",1
"Комплект учебной мебели (столы, стулья, доска)","Пулковская улица, 6а | ауд. 2-101",1
Персональный компьютер,"Пулковская улица, 6а | ауд. 2-101",1
Проектор,"Пулковская улица, 6а | ауд. 2-101",1
Экран,"Пулковская улица, 6а | ауд. 2-101",1
"Комплект учебной мебели (столы, стулья, доска)","Пулковская улица, 6а | ауд. 2-102",1
ПК 1-шт,"Пулковская улица, 6а | ауд. 2-102",1
Проектор,"Пулковская улица, 6а | ауд. 2-102",1
Экран,"Пулковская улица, 6а | ауд. 2-102",1
"Комплект учебной мебели (столы, стулья, доска)","Пулковская улица, 6а | ауд. 2-107",1
Персональный компьютер,"Пулковская улица, 6а | ауд. 2-107",11
"Программное обеспечение: Microsoft (ОС семейства Windows, пакеты приложений Microsoft Office)","Пулковская улица, 6а | ауд. 2-107",1
"Комплект учебной мебели (столы, стулья, доска)","Пулковская улица, 6а | ауд. 2-108",1
Персональный компьютер,"Пулковская улица, 6а | ауд. 2-108",12
"Программное обеспечение: Microsoft (ОС семейства Windows, пакеты приложений Microsoft Office)","Пулковская улица, 6а | ауд. 2-108",1
"Комплект учебной мебели (столы, стулья, доска)","Пулковская улица, 6а | ауд. 2-109",1
Персональный компьютер,"Пулковская улица, 6а | ауд. 2-109",12
"Программное обеспечение: Microsoft (ОС семейства Windows, пакеты приложений Microsoft Office)","Пулковская улица, 6а | ауд. 2-109",1
"Комплект учебной мебели (столы, стулья, доска)","Пулковская улица, 6а | ауд. 2-115",2
Персональный компьютер,"Пулковская улица, 6а | ауд. 2-115",20
"Программное обеспечение: Microsoft (ОС семейства Windows, пакеты приложений Microsoft Office)","Пулковская улица, 6а | ауд. 2-115",2
"Комплект учебной мебели (столы, стулья, доска)","Пулковская улица, 6а | ауд. 2-116",1
Персональный компьютер,"Пулковская улица, 6а | ауд. 2-116",10
"Программное обеспечение: Microsoft (ОС семейства Windows, пакеты приложений Microsoft Office)","Пулковская улица, 6а | ауд. 2-116",1
Тренажер полноразмерной имитации кабины самолета А330/А320,"Пулковская улица, 6а | ауд. 2-202",1
Авиационный тренажер для обучения техническому обслуживанию самолета А320,"Пулковская улица, 6а | ауд. 2-206",1
Место инструктора,"Пулковская улица, 6а | ауд. 2-206",1
Принтер НР,"Пулковская улица, 6а | ауд. 2-206",1
Рабочее место обучающегося,"Пулковская улица, 6а | ауд. 2-206",12
"Комплект учебной мебели (столы, стулья, доска)","Пулковская улица, 6а | ауд. 2-219",1
"Комплект учебной мебели (столы, стулья, доска)","Пулковская улица, 6а | ауд. 2-221",1
